provider_id,clinic_id,role
P001,C001,CS
P002,C005,PT
P003,C002,PT
P004,C001,OT
P005,C004,PT
P006,C006,CS
P007,C005,OT
P008,C005,CS
P009,C005,PT
P010,C005,CS
P011,C004,CS
P012,C001,CS
P013,C006,PT
P014,C003,PT
P015,C004,PT
P016,C003,PT
P017,C002,OT
P018,C006,CS
P019,C005,CS
P020,C004,PT
